{"cameraMode":{"drawMode":0,"name":"Shaded","section":"Shading Mode"},"sceneLighting":false,"audioPlay":false,"sceneViewState":{"showFog":true,"showMaterialUpdate":false,"showSkybox":true,"showFlares":true,"showImageEffects":true,"showParticleSystems":true},"in2DMode":false,"pivot":{"x":0.4404296875,"y":0.15771484375,"z":-1.6220703125},"rotation":{"x":0.06140054762363434,"y":-0.8783501386642456,"z":0.11742262542247772,"w":0.45928525924682619},"size":4.583087921142578,"orthographic":true}